News Organization,Tweet Number,Compound Score,Positive Score,Negative Score,Neutral Score
@BBC,49.5,0.14735299999999996,0.10028999999999998,0.04252999999999999,0.8571799999999995
@CBS,49.5,0.23359200000000008,0.14593999999999996,0.024300000000000002,0.82977
@CNN,49.5,-0.03169,0.07315,0.08337,0.8434599999999999
@FoxNews,49.5,-0.051323999999999995,0.06074000000000001,0.09409999999999999,0.8451400000000001
@nytimes,49.5,0.019225,0.07689999999999998,0.07496000000000001,0.8481200000000002
